i_id,j_id,date,svc,period,hours,bundle_id,score,slot_type
7,20260105-PICU-NIGHT-03,2026-01-05,PICU,Night,16.0,,4.179655636462092,individual
7,20260105-Sedation-DAY-04,2026-01-05,Sedation,Day,9.0,,10.0,individual
7,20260106-PCICU-NIGHT-02,2026-01-06,PCICU,Night,16.0,,2.512655703115429,individual
7,20260106-PICU-NIGHT-04,2026-01-06,PICU,Night,16.0,,4.179655636462092,individual
7,20260106-Sedation-DAY-05,2026-01-06,Sedation,Day,9.0,,10.0,individual
7,20260106-Smilow-DAY-06,2026-01-06,Smilow,Day,4.0,,10.0,individual
7,20260107-PICU-NIGHT-03,2026-01-07,PICU,Night,16.0,,4.179655636462092,individual
7,20260107-Sedation-DAY-04,2026-01-07,Sedation,Day,9.0,,10.0,individual
7,20260108-PICU-NIGHT-04,2026-01-08,PICU,Night,16.0,,4.179655636462092,individual
7,20260108-Sedation-DAY-05,2026-01-08,Sedation,Day,9.0,,10.0,individual
7,20260109-PICU-NIGHT-03,2026-01-09,PICU,Night,16.0,,3.6796556364620927,individual
7,20260109-Sedation-DAY-04,2026-01-09,Sedation,Day,9.0,,9.5,individual
7,20260111-PICU-24H-02,2026-01-11,PICU,24h,25.0,,1.6669999333466634,individual
7,20260112-PICU-NIGHT-03,2026-01-12,PICU,Night,16.0,,4.179655636462092,individual
7,20260112-Sedation-DAY-04,2026-01-12,Sedation,Day,9.0,,10.0,individual
7,20260113-PICU-NIGHT-04,2026-01-13,PICU,Night,16.0,,4.179655636462092,individual
7,20260113-Sedation-DAY-05,2026-01-13,Sedation,Day,9.0,,10.0,individual
7,20260113-Smilow-DAY-06,2026-01-13,Smilow,Day,4.0,,10.0,individual
7,20260114-PICU-NIGHT-03,2026-01-14,PICU,Night,16.0,,4.179655636462092,individual
7,20260114-Sedation-DAY-04,2026-01-14,Sedation,Day,9.0,,10.0,individual
7,20260115-PICU-NIGHT-04,2026-01-15,PICU,Night,16.0,,4.179655636462092,individual
7,20260115-Sedation-DAY-05,2026-01-15,Sedation,Day,9.0,,10.0,individual
7,20260116-PICU-NIGHT-03,2026-01-16,PICU,Night,16.0,,3.6796556364620927,individual
7,20260116-Sedation-DAY-04,2026-01-16,Sedation,Day,9.0,,9.5,individual
7,20260117-PICU-24H-02,2026-01-17,PICU,24h,25.0,,1.6669999333466634,individual
7,20260118-PICU-24H-02,2026-01-18,PICU,24h,25.0,,1.6669999333466634,individual
7,20260119-PICU-NIGHT-03,2026-01-19,PICU,Night,16.0,,4.179655636462092,individual
7,20260119-Sedation-DAY-04,2026-01-19,Sedation,Day,9.0,,10.0,individual
7,20260120-PCICU-NIGHT-02,2026-01-20,PCICU,Night,16.0,,2.512655703115429,individual
7,20260120-PICU-NIGHT-04,2026-01-20,PICU,Night,16.0,,4.179655636462092,individual
7,20260120-Sedation-DAY-05,2026-01-20,Sedation,Day,9.0,,10.0,individual
7,20260120-Smilow-DAY-06,2026-01-20,Smilow,Day,4.0,,10.0,individual
7,20260121-PICU-NIGHT-03,2026-01-21,PICU,Night,16.0,,4.179655636462092,individual
7,20260121-Sedation-DAY-04,2026-01-21,Sedation,Day,9.0,,10.0,individual
7,20260122-PICU-NIGHT-04,2026-01-22,PICU,Night,16.0,,4.179655636462092,individual
7,20260122-Sedation-DAY-05,2026-01-22,Sedation,Day,9.0,,10.0,individual
7,20260123-PICU-NIGHT-03,2026-01-23,PICU,Night,16.0,,3.6796556364620927,individual
7,20260123-Sedation-DAY-04,2026-01-23,Sedation,Day,9.0,,9.5,individual
7,20260124-PICU-24H-02,2026-01-24,PICU,24h,25.0,,1.6669999333466634,individual
7,20260125-PICU-24H-02,2026-01-25,PICU,24h,25.0,,1.6669999333466634,individual
7,20260126-PICU-NIGHT-03,2026-01-26,PICU,Night,16.0,,4.179655636462092,individual
7,20260126-Sedation-DAY-04,2026-01-26,Sedation,Day,9.0,,10.0,individual
7,20260127-PICU-NIGHT-04,2026-01-27,PICU,Night,16.0,,4.179655636462092,individual
7,20260127-Sedation-DAY-05,2026-01-27,Sedation,Day,9.0,,10.0,individual
7,20260127-Smilow-DAY-06,2026-01-27,Smilow,Day,4.0,,10.0,individual
7,20260128-PICU-NIGHT-03,2026-01-28,PICU,Night,16.0,,4.179655636462092,individual
7,20260128-Sedation-DAY-04,2026-01-28,Sedation,Day,9.0,,10.0,individual
7,20260129-PICU-NIGHT-04,2026-01-29,PICU,Night,16.0,,4.179655636462092,individual
7,20260129-Sedation-DAY-05,2026-01-29,Sedation,Day,9.0,,10.0,individual
7,20260130-PICU-NIGHT-03,2026-01-30,PICU,Night,16.0,,3.6796556364620927,individual
7,20260130-Sedation-DAY-04,2026-01-30,Sedation,Day,9.0,,9.5,individual
7,20260131-PICU-24H-02,2026-01-31,PICU,24h,25.0,,1.6669999333466634,individual
7,20260201-PICU-24H-02,2026-02-01,PICU,24h,25.0,,1.6669999333466634,individual
7,20260202-PICU-NIGHT-03,2026-02-02,PICU,Night,16.0,,4.179655636462092,individual
7,20260202-Sedation-DAY-04,2026-02-02,Sedation,Day,9.0,,10.0,individual
7,20260203-PICU-NIGHT-04,2026-02-03,PICU,Night,16.0,,4.179655636462092,individual
7,20260203-Sedation-DAY-05,2026-02-03,Sedation,Day,9.0,,10.0,individual
7,20260203-Smilow-DAY-06,2026-02-03,Smilow,Day,4.0,,10.0,individual
7,20260204-PICU-NIGHT-03,2026-02-04,PICU,Night,16.0,,4.179655636462092,individual
7,20260204-Sedation-DAY-04,2026-02-04,Sedation,Day,9.0,,10.0,individual
7,20260205-PICU-NIGHT-04,2026-02-05,PICU,Night,16.0,,4.179655636462092,individual
7,20260205-Sedation-DAY-05,2026-02-05,Sedation,Day,9.0,,10.0,individual
7,20260206-PICU-NIGHT-03,2026-02-06,PICU,Night,16.0,,3.6796556364620927,individual
7,20260206-Sedation-DAY-04,2026-02-06,Sedation,Day,9.0,,9.5,individual
7,20260207-PICU-24H-02,2026-02-07,PICU,24h,25.0,,1.6669999333466634,individual
7,20260208-PICU-24H-02,2026-02-08,PICU,24h,25.0,,1.6669999333466634,individual
7,20260209-PICU-NIGHT-03,2026-02-09,PICU,Night,16.0,,4.179655636462092,individual
7,20260209-Sedation-DAY-04,2026-02-09,Sedation,Day,9.0,,10.0,individual
7,20260210-PCICU-NIGHT-02,2026-02-10,PCICU,Night,16.0,,2.512655703115429,individual
7,20260210-PICU-NIGHT-04,2026-02-10,PICU,Night,16.0,,4.179655636462092,individual
7,20260210-Sedation-DAY-05,2026-02-10,Sedation,Day,9.0,,10.0,individual
7,20260210-Smilow-DAY-06,2026-02-10,Smilow,Day,4.0,,10.0,individual
7,20260211-PICU-NIGHT-03,2026-02-11,PICU,Night,16.0,,4.179655636462092,individual
7,20260211-Sedation-DAY-04,2026-02-11,Sedation,Day,9.0,,10.0,individual
7,20260212-PICU-NIGHT-04,2026-02-12,PICU,Night,16.0,,4.179655636462092,individual
7,20260212-Sedation-DAY-05,2026-02-12,Sedation,Day,9.0,,10.0,individual
7,20260213-PICU-NIGHT-03,2026-02-13,PICU,Night,16.0,,3.6796556364620927,individual
7,20260213-Sedation-DAY-04,2026-02-13,Sedation,Day,9.0,,9.5,individual
7,20260214-PICU-24H-02,2026-02-14,PICU,24h,25.0,,1.6669999333466634,individual
7,20260215-PICU-24H-02,2026-02-15,PICU,24h,25.0,,1.6669999333466634,individual
7,20260216-PICU-NIGHT-03,2026-02-16,PICU,Night,16.0,,4.179655636462092,individual
7,20260216-Sedation-DAY-04,2026-02-16,Sedation,Day,9.0,,10.0,individual
7,20260217-PCICU-NIGHT-02,2026-02-17,PCICU,Night,16.0,,2.512655703115429,individual
7,20260217-Sedation-DAY-05,2026-02-17,Sedation,Day,9.0,,10.0,individual
7,20260217-Smilow-DAY-06,2026-02-17,Smilow,Day,4.0,,10.0,individual
7,20260218-PICU-NIGHT-03,2026-02-18,PICU,Night,16.0,,4.179655636462092,individual
7,20260218-Sedation-DAY-04,2026-02-18,Sedation,Day,9.0,,10.0,individual
7,20260219-PICU-NIGHT-04,2026-02-19,PICU,Night,16.0,,4.179655636462092,individual
7,20260219-Sedation-DAY-05,2026-02-19,Sedation,Day,9.0,,10.0,individual
7,20260220-PICU-NIGHT-03,2026-02-20,PICU,Night,16.0,,3.6796556364620927,individual
7,20260220-Sedation-DAY-04,2026-02-20,Sedation,Day,9.0,,9.5,individual
7,20260221-PICU-24H-02,2026-02-21,PICU,24h,25.0,,1.6669999333466634,individual
7,20260222-PICU-24H-02,2026-02-22,PICU,24h,25.0,,1.6669999333466634,individual
7,20260223-PICU-NIGHT-03,2026-02-23,PICU,Night,16.0,,4.179655636462092,individual
7,20260223-Sedation-DAY-04,2026-02-23,Sedation,Day,9.0,,10.0,individual
7,20260224-PCICU-NIGHT-02,2026-02-24,PCICU,Night,16.0,,2.512655703115429,individual
7,20260224-PICU-NIGHT-04,2026-02-24,PICU,Night,16.0,,4.179655636462092,individual
7,20260224-Sedation-DAY-05,2026-02-24,Sedation,Day,9.0,,10.0,individual
7,20260224-Smilow-DAY-06,2026-02-24,Smilow,Day,4.0,,10.0,individual
7,20260225-PICU-NIGHT-03,2026-02-25,PICU,Night,16.0,,4.179655636462092,individual
7,20260225-Sedation-DAY-04,2026-02-25,Sedation,Day,9.0,,10.0,individual
7,20260226-PICU-NIGHT-04,2026-02-26,PICU,Night,16.0,,4.179655636462092,individual
7,20260226-Sedation-DAY-05,2026-02-26,Sedation,Day,9.0,,10.0,individual
7,20260227-PICU-NIGHT-03,2026-02-27,PICU,Night,16.0,,3.6796556364620927,individual
7,20260227-Sedation-DAY-04,2026-02-27,Sedation,Day,9.0,,9.5,individual
7,20260228-PICU-24H-02,2026-02-28,PICU,24h,25.0,,1.6669999333466634,individual
7,20260301-PICU-24H-02,2026-03-01,PICU,24h,25.0,,1.6669999333466634,individual
7,20260302-PICU-NIGHT-03,2026-03-02,PICU,Night,16.0,,4.179655636462092,individual
7,20260302-Sedation-DAY-04,2026-03-02,Sedation,Day,9.0,,10.0,individual
7,20260303-PCICU-NIGHT-02,2026-03-03,PCICU,Night,16.0,,2.512655703115429,individual
7,20260303-Sedation-DAY-05,2026-03-03,Sedation,Day,9.0,,10.0,individual
7,20260303-Smilow-DAY-06,2026-03-03,Smilow,Day,4.0,,10.0,individual
7,20260304-PICU-NIGHT-03,2026-03-04,PICU,Night,16.0,,4.179655636462092,individual
7,20260304-Sedation-DAY-04,2026-03-04,Sedation,Day,9.0,,10.0,individual
7,20260305-PICU-NIGHT-04,2026-03-05,PICU,Night,16.0,,4.179655636462092,individual
7,20260305-Sedation-DAY-05,2026-03-05,Sedation,Day,9.0,,10.0,individual
7,20260306-PICU-NIGHT-03,2026-03-06,PICU,Night,16.0,,3.6796556364620927,individual
7,20260306-Sedation-DAY-04,2026-03-06,Sedation,Day,9.0,,9.5,individual
7,20260307-PICU-24H-02,2026-03-07,PICU,24h,25.0,,1.6669999333466634,individual
7,20260308-PICU-24H-02,2026-03-08,PICU,24h,25.0,,1.6669999333466634,individual
7,20260309-PICU-DAY-02,2026-03-09,PICU,Day,10.0,PICU_day_W11_full,6.666999933346664,bundle
7,20260309-PICU-NIGHT-03,2026-03-09,PICU,Night,16.0,,4.179655636462092,individual
7,20260309-Sedation-DAY-04,2026-03-09,Sedation,Day,9.0,,10.0,individual
7,20260310-PCICU-NIGHT-02,2026-03-10,PCICU,Night,16.0,,2.512655703115429,individual
7,20260310-PICU-DAY-03,2026-03-10,PICU,Day,10.0,PICU_day_W11_full,6.666999933346664,bundle
7,20260310-PICU-NIGHT-04,2026-03-10,PICU,Night,16.0,,4.179655636462092,individual
7,20260310-Sedation-DAY-05,2026-03-10,Sedation,Day,9.0,,10.0,individual
7,20260310-Smilow-DAY-06,2026-03-10,Smilow,Day,4.0,,10.0,individual
7,20260311-PICU-DAY-02,2026-03-11,PICU,Day,10.0,PICU_day_W11_full,6.666999933346664,bundle
7,20260311-PICU-NIGHT-03,2026-03-11,PICU,Night,16.0,,4.179655636462092,individual
7,20260311-Sedation-DAY-04,2026-03-11,Sedation,Day,9.0,,10.0,individual
7,20260312-PICU-DAY-03,2026-03-12,PICU,Day,10.0,PICU_day_W11_full,6.666999933346664,bundle
7,20260312-PICU-NIGHT-04,2026-03-12,PICU,Night,16.0,,4.179655636462092,individual
7,20260312-Sedation-DAY-05,2026-03-12,Sedation,Day,9.0,,10.0,individual
7,20260313-PICU-DAY-02,2026-03-13,PICU,Day,10.0,PICU_day_W11_full,6.166999933346664,bundle
7,20260313-PICU-NIGHT-03,2026-03-13,PICU,Night,16.0,,3.6796556364620927,individual
7,20260313-Sedation-DAY-04,2026-03-13,Sedation,Day,9.0,,9.5,individual
7,20260314-PICU-24H-02,2026-03-14,PICU,24h,25.0,,1.6669999333466634,individual
7,20260315-PICU-24H-02,2026-03-15,PICU,24h,25.0,,1.6669999333466634,individual
7,20260316-PICU-DAY-02,2026-03-16,PICU,Day,10.0,PICU_day_W12_full,6.666999933346664,bundle
7,20260316-PICU-NIGHT-03,2026-03-16,PICU,Night,16.0,,4.179655636462092,individual
7,20260316-Sedation-DAY-04,2026-03-16,Sedation,Day,9.0,,10.0,individual
7,20260317-PCICU-NIGHT-02,2026-03-17,PCICU,Night,16.0,,2.512655703115429,individual
7,20260317-PICU-DAY-03,2026-03-17,PICU,Day,10.0,PICU_day_W12_full,6.666999933346664,bundle
7,20260317-PICU-NIGHT-04,2026-03-17,PICU,Night,16.0,,4.179655636462092,individual
7,20260317-Sedation-DAY-05,2026-03-17,Sedation,Day,9.0,,10.0,individual
7,20260317-Smilow-DAY-06,2026-03-17,Smilow,Day,4.0,,10.0,individual
7,20260318-PICU-DAY-02,2026-03-18,PICU,Day,10.0,PICU_day_W12_full,6.666999933346664,bundle
7,20260318-PICU-NIGHT-03,2026-03-18,PICU,Night,16.0,,4.179655636462092,individual
7,20260318-Sedation-DAY-04,2026-03-18,Sedation,Day,9.0,,10.0,individual
7,20260319-PCICU-NIGHT-02,2026-03-19,PCICU,Night,16.0,,2.512655703115429,individual
7,20260319-PICU-DAY-03,2026-03-19,PICU,Day,10.0,PICU_day_W12_full,6.666999933346664,bundle
7,20260319-PICU-NIGHT-04,2026-03-19,PICU,Night,16.0,,4.179655636462092,individual
7,20260319-Sedation-DAY-05,2026-03-19,Sedation,Day,9.0,,10.0,individual
7,20260320-PICU-DAY-02,2026-03-20,PICU,Day,10.0,PICU_day_W12_full,6.166999933346664,bundle
7,20260320-PICU-NIGHT-03,2026-03-20,PICU,Night,16.0,,3.6796556364620927,individual
7,20260320-Sedation-DAY-04,2026-03-20,Sedation,Day,9.0,,9.5,individual
7,20260322-PICU-24H-02,2026-03-22,PICU,24h,25.0,,1.6669999333466634,individual
7,20260323-PICU-NIGHT-03,2026-03-23,PICU,Night,16.0,,4.179655636462092,individual
7,20260323-Sedation-DAY-04,2026-03-23,Sedation,Day,9.0,,10.0,individual
7,20260324-PCICU-NIGHT-02,2026-03-24,PCICU,Night,16.0,,2.512655703115429,individual
7,20260324-PICU-NIGHT-04,2026-03-24,PICU,Night,16.0,,4.179655636462092,individual
7,20260324-Sedation-DAY-05,2026-03-24,Sedation,Day,9.0,,10.0,individual
7,20260324-Smilow-DAY-06,2026-03-24,Smilow,Day,4.0,,10.0,individual
7,20260325-PICU-NIGHT-03,2026-03-25,PICU,Night,16.0,,4.179655636462092,individual
7,20260325-Sedation-DAY-04,2026-03-25,Sedation,Day,9.0,,10.0,individual
7,20260326-PICU-NIGHT-04,2026-03-26,PICU,Night,16.0,,4.179655636462092,individual
7,20260326-Sedation-DAY-05,2026-03-26,Sedation,Day,9.0,,10.0,individual
7,20260327-PICU-NIGHT-03,2026-03-27,PICU,Night,16.0,,3.6796556364620927,individual
7,20260327-Sedation-DAY-04,2026-03-27,Sedation,Day,9.0,,9.5,individual
7,20260328-PCICU-24H-01,2026-03-28,PCICU,24h,10.0,PCICU_weekend_pair_W13,0.0,bundle
7,20260328-PICU-24H-02,2026-03-28,PICU,24h,25.0,,1.6669999333466634,individual
7,20260329-PCICU-24H-01,2026-03-29,PCICU,24h,10.0,PCICU_weekend_pair_W13,0.0,bundle
7,20260329-PICU-24H-02,2026-03-29,PICU,24h,25.0,,1.6669999333466634,individual
7,20260330-PICU-NIGHT-03,2026-03-30,PICU,Night,16.0,,4.179655636462092,individual
7,20260330-Sedation-DAY-04,2026-03-30,Sedation,Day,9.0,,10.0,individual
7,20260331-PCICU-NIGHT-02,2026-03-31,PCICU,Night,16.0,,2.512655703115429,individual
7,20260331-PICU-NIGHT-04,2026-03-31,PICU,Night,16.0,,4.179655636462092,individual
7,20260331-Sedation-DAY-05,2026-03-31,Sedation,Day,9.0,,10.0,individual
7,20260331-Smilow-DAY-06,2026-03-31,Smilow,Day,4.0,,10.0,individual
7,20260401-PICU-NIGHT-03,2026-04-01,PICU,Night,16.0,,4.179655636462092,individual
7,20260401-Sedation-DAY-04,2026-04-01,Sedation,Day,9.0,,10.0,individual
7,20260402-PICU-NIGHT-04,2026-04-02,PICU,Night,16.0,,4.179655636462092,individual
7,20260402-Sedation-DAY-05,2026-04-02,Sedation,Day,9.0,,10.0,individual
7,20260403-PICU-NIGHT-03,2026-04-03,PICU,Night,16.0,,3.6796556364620927,individual
7,20260403-Sedation-DAY-04,2026-04-03,Sedation,Day,9.0,,9.5,individual
7,20260404-PICU-24H-02,2026-04-04,PICU,24h,25.0,,1.6669999333466634,individual
7,20260405-PICU-24H-02,2026-04-05,PICU,24h,25.0,,1.6669999333466634,individual
7,20260406-PICU-DAY-02,2026-04-06,PICU,Day,10.0,PICU_day_W15_full,6.666999933346664,bundle
7,20260406-PICU-NIGHT-03,2026-04-06,PICU,Night,16.0,,4.179655636462092,individual
7,20260406-Sedation-DAY-04,2026-04-06,Sedation,Day,9.0,,10.0,individual
7,20260407-PCICU-NIGHT-02,2026-04-07,PCICU,Night,16.0,,2.512655703115429,individual
7,20260407-PICU-DAY-03,2026-04-07,PICU,Day,10.0,PICU_day_W15_full,6.666999933346664,bundle
7,20260407-PICU-NIGHT-04,2026-04-07,PICU,Night,16.0,,4.179655636462092,individual
7,20260407-Sedation-DAY-05,2026-04-07,Sedation,Day,9.0,,10.0,individual
7,20260407-Smilow-DAY-06,2026-04-07,Smilow,Day,4.0,,10.0,individual
7,20260408-PICU-DAY-02,2026-04-08,PICU,Day,10.0,PICU_day_W15_full,6.666999933346664,bundle
7,20260408-PICU-NIGHT-03,2026-04-08,PICU,Night,16.0,,4.179655636462092,individual
7,20260408-Sedation-DAY-04,2026-04-08,Sedation,Day,9.0,,10.0,individual
7,20260409-PICU-DAY-03,2026-04-09,PICU,Day,10.0,PICU_day_W15_full,6.666999933346664,bundle
7,20260409-Sedation-DAY-05,2026-04-09,Sedation,Day,9.0,,10.0,individual
7,20260410-PICU-DAY-02,2026-04-10,PICU,Day,10.0,PICU_day_W15_full,6.166999933346664,bundle
7,20260410-PICU-NIGHT-03,2026-04-10,PICU,Night,16.0,,3.6796556364620927,individual
7,20260410-Sedation-DAY-04,2026-04-10,Sedation,Day,9.0,,9.5,individual
7,20260411-PICU-24H-02,2026-04-11,PICU,24h,25.0,,1.6669999333466634,individual
7,20260412-PICU-24H-02,2026-04-12,PICU,24h,25.0,,1.6669999333466634,individual
7,20260413-PICU-DAY-02,2026-04-13,PICU,Day,10.0,PICU_day_W16_full,6.666999933346664,bundle
7,20260413-PICU-NIGHT-03,2026-04-13,PICU,Night,16.0,,4.179655636462092,individual
7,20260413-Sedation-DAY-04,2026-04-13,Sedation,Day,9.0,,10.0,individual
7,20260414-PCICU-NIGHT-02,2026-04-14,PCICU,Night,16.0,,2.512655703115429,individual
7,20260414-PICU-DAY-03,2026-04-14,PICU,Day,10.0,PICU_day_W16_full,6.666999933346664,bundle
7,20260414-PICU-NIGHT-04,2026-04-14,PICU,Night,16.0,,4.179655636462092,individual
7,20260414-Sedation-DAY-05,2026-04-14,Sedation,Day,9.0,,10.0,individual
7,20260414-Smilow-DAY-06,2026-04-14,Smilow,Day,4.0,,10.0,individual
7,20260415-PICU-DAY-02,2026-04-15,PICU,Day,10.0,PICU_day_W16_full,6.666999933346664,bundle
7,20260415-PICU-NIGHT-03,2026-04-15,PICU,Night,16.0,,4.179655636462092,individual
7,20260415-Sedation-DAY-04,2026-04-15,Sedation,Day,9.0,,10.0,individual
7,20260416-PICU-DAY-03,2026-04-16,PICU,Day,10.0,PICU_day_W16_full,6.666999933346664,bundle
7,20260416-PICU-NIGHT-04,2026-04-16,PICU,Night,16.0,,4.179655636462092,individual
7,20260416-Sedation-DAY-05,2026-04-16,Sedation,Day,9.0,,10.0,individual
7,20260417-PICU-DAY-02,2026-04-17,PICU,Day,10.0,PICU_day_W16_full,6.166999933346664,bundle
7,20260417-PICU-NIGHT-03,2026-04-17,PICU,Night,16.0,,3.6796556364620927,individual
7,20260417-Sedation-DAY-04,2026-04-17,Sedation,Day,9.0,,9.5,individual
7,20260418-PICU-24H-02,2026-04-18,PICU,24h,25.0,,1.6669999333466634,individual
7,20260419-PICU-24H-02,2026-04-19,PICU,24h,25.0,,1.6669999333466634,individual
7,20260420-PICU-NIGHT-03,2026-04-20,PICU,Night,16.0,,4.179655636462092,individual
7,20260420-Sedation-DAY-04,2026-04-20,Sedation,Day,9.0,,10.0,individual
7,20260421-PICU-NIGHT-04,2026-04-21,PICU,Night,16.0,,4.179655636462092,individual
7,20260421-Sedation-DAY-05,2026-04-21,Sedation,Day,9.0,,10.0,individual
7,20260421-Smilow-DAY-06,2026-04-21,Smilow,Day,4.0,,10.0,individual
7,20260422-PICU-NIGHT-03,2026-04-22,PICU,Night,16.0,,4.179655636462092,individual
7,20260422-Sedation-DAY-04,2026-04-22,Sedation,Day,9.0,,10.0,individual
7,20260423-PICU-NIGHT-04,2026-04-23,PICU,Night,16.0,,4.179655636462092,individual
7,20260423-Sedation-DAY-05,2026-04-23,Sedation,Day,9.0,,10.0,individual
7,20260424-PICU-NIGHT-03,2026-04-24,PICU,Night,16.0,,3.6796556364620927,individual
7,20260424-Sedation-DAY-04,2026-04-24,Sedation,Day,9.0,,9.5,individual
7,20260425-PICU-24H-02,2026-04-25,PICU,24h,25.0,,1.6669999333466634,individual
7,20260426-PICU-24H-02,2026-04-26,PICU,24h,25.0,,1.6669999333466634,individual
7,20260427-PICU-NIGHT-03,2026-04-27,PICU,Night,16.0,,4.179655636462092,individual
7,20260427-Sedation-DAY-04,2026-04-27,Sedation,Day,9.0,,10.0,individual
7,20260428-PCICU-NIGHT-02,2026-04-28,PCICU,Night,16.0,,2.512655703115429,individual
7,20260428-PICU-NIGHT-04,2026-04-28,PICU,Night,16.0,,4.179655636462092,individual
7,20260428-Sedation-DAY-05,2026-04-28,Sedation,Day,9.0,,10.0,individual
7,20260428-Smilow-DAY-06,2026-04-28,Smilow,Day,4.0,,10.0,individual
7,20260429-PICU-NIGHT-03,2026-04-29,PICU,Night,16.0,,4.179655636462092,individual
7,20260429-Sedation-DAY-04,2026-04-29,Sedation,Day,9.0,,10.0,individual
7,20260430-PICU-NIGHT-04,2026-04-30,PICU,Night,16.0,,4.179655636462092,individual
7,20260430-Sedation-DAY-05,2026-04-30,Sedation,Day,9.0,,10.0,individual
7,20260501-PICU-NIGHT-03,2026-05-01,PICU,Night,16.0,,3.6796556364620927,individual
7,20260501-Sedation-DAY-04,2026-05-01,Sedation,Day,9.0,,9.5,individual
7,20260502-PICU-24H-02,2026-05-02,PICU,24h,25.0,,1.6669999333466634,individual
7,20260503-PICU-24H-02,2026-05-03,PICU,24h,25.0,,1.6669999333466634,individual
7,20260504-PICU-NIGHT-03,2026-05-04,PICU,Night,16.0,,4.179655636462092,individual
7,20260504-Sedation-DAY-04,2026-05-04,Sedation,Day,9.0,,10.0,individual
7,20260505-PCICU-NIGHT-02,2026-05-05,PCICU,Night,16.0,,2.512655703115429,individual
7,20260505-Sedation-DAY-05,2026-05-05,Sedation,Day,9.0,,10.0,individual
7,20260505-Smilow-DAY-06,2026-05-05,Smilow,Day,4.0,,10.0,individual
7,20260506-PICU-NIGHT-03,2026-05-06,PICU,Night,16.0,,4.179655636462092,individual
7,20260506-Sedation-DAY-04,2026-05-06,Sedation,Day,9.0,,10.0,individual
7,20260507-PICU-NIGHT-04,2026-05-07,PICU,Night,16.0,,4.179655636462092,individual
7,20260507-Sedation-DAY-05,2026-05-07,Sedation,Day,9.0,,10.0,individual
7,20260508-PICU-NIGHT-03,2026-05-08,PICU,Night,16.0,,3.6796556364620927,individual
7,20260508-Sedation-DAY-04,2026-05-08,Sedation,Day,9.0,,9.5,individual
7,20260509-PICU-24H-02,2026-05-09,PICU,24h,25.0,,1.6669999333466634,individual
7,20260510-PICU-24H-02,2026-05-10,PICU,24h,25.0,,1.6669999333466634,individual
7,20260511-PICU-NIGHT-03,2026-05-11,PICU,Night,16.0,,4.179655636462092,individual
7,20260511-Sedation-DAY-04,2026-05-11,Sedation,Day,9.0,,10.0,individual
7,20260512-PICU-NIGHT-04,2026-05-12,PICU,Night,16.0,,4.179655636462092,individual
7,20260512-Sedation-DAY-05,2026-05-12,Sedation,Day,9.0,,10.0,individual
7,20260512-Smilow-DAY-06,2026-05-12,Smilow,Day,4.0,,10.0,individual
7,20260513-PICU-NIGHT-03,2026-05-13,PICU,Night,16.0,,4.179655636462092,individual
7,20260513-Sedation-DAY-04,2026-05-13,Sedation,Day,9.0,,10.0,individual
7,20260514-PICU-NIGHT-04,2026-05-14,PICU,Night,16.0,,4.179655636462092,individual
7,20260514-Sedation-DAY-05,2026-05-14,Sedation,Day,9.0,,10.0,individual
7,20260515-PICU-NIGHT-03,2026-05-15,PICU,Night,16.0,,3.6796556364620927,individual
7,20260515-Sedation-DAY-04,2026-05-15,Sedation,Day,9.0,,9.5,individual
7,20260516-PICU-24H-02,2026-05-16,PICU,24h,25.0,,1.6669999333466634,individual
7,20260517-PICU-24H-02,2026-05-17,PICU,24h,25.0,,1.6669999333466634,individual
7,20260518-PICU-NIGHT-03,2026-05-18,PICU,Night,16.0,,4.179655636462092,individual
7,20260518-Sedation-DAY-04,2026-05-18,Sedation,Day,9.0,,10.0,individual
7,20260519-PCICU-NIGHT-02,2026-05-19,PCICU,Night,16.0,,2.512655703115429,individual
7,20260519-PICU-NIGHT-04,2026-05-19,PICU,Night,16.0,,4.179655636462092,individual
7,20260519-Sedation-DAY-05,2026-05-19,Sedation,Day,9.0,,10.0,individual
7,20260519-Smilow-DAY-06,2026-05-19,Smilow,Day,4.0,,10.0,individual
7,20260520-PICU-NIGHT-03,2026-05-20,PICU,Night,16.0,,4.179655636462092,individual
7,20260520-Sedation-DAY-04,2026-05-20,Sedation,Day,9.0,,10.0,individual
7,20260521-PICU-NIGHT-04,2026-05-21,PICU,Night,16.0,,4.179655636462092,individual
7,20260521-Sedation-DAY-05,2026-05-21,Sedation,Day,9.0,,10.0,individual
7,20260527-PICU-NIGHT-03,2026-05-27,PICU,Night,16.0,,4.179655636462092,individual
7,20260527-Sedation-DAY-04,2026-05-27,Sedation,Day,9.0,,10.0,individual
7,20260528-Sedation-DAY-05,2026-05-28,Sedation,Day,9.0,,10.0,individual
7,20260529-PICU-NIGHT-03,2026-05-29,PICU,Night,16.0,,3.6796556364620927,individual
7,20260529-Sedation-DAY-04,2026-05-29,Sedation,Day,9.0,,9.5,individual
7,20260530-PICU-24H-02,2026-05-30,PICU,24h,25.0,,1.6669999333466634,individual
7,20260531-PICU-24H-02,2026-05-31,PICU,24h,25.0,,1.6669999333466634,individual
7,20260601-PICU-NIGHT-03,2026-06-01,PICU,Night,16.0,,4.179655636462092,individual
7,20260601-Sedation-DAY-04,2026-06-01,Sedation,Day,9.0,,10.0,individual
7,20260602-PCICU-NIGHT-02,2026-06-02,PCICU,Night,16.0,,2.512655703115429,individual
7,20260602-PICU-NIGHT-04,2026-06-02,PICU,Night,16.0,,4.179655636462092,individual
7,20260602-Sedation-DAY-05,2026-06-02,Sedation,Day,9.0,,10.0,individual
7,20260602-Smilow-DAY-06,2026-06-02,Smilow,Day,4.0,,10.0,individual
7,20260603-PICU-NIGHT-03,2026-06-03,PICU,Night,16.0,,4.179655636462092,individual
7,20260603-Sedation-DAY-04,2026-06-03,Sedation,Day,9.0,,10.0,individual
7,20260604-PICU-NIGHT-04,2026-06-04,PICU,Night,16.0,,4.179655636462092,individual
7,20260604-Sedation-DAY-05,2026-06-04,Sedation,Day,9.0,,10.0,individual
7,20260605-PICU-NIGHT-03,2026-06-05,PICU,Night,16.0,,3.6796556364620927,individual
7,20260605-Sedation-DAY-04,2026-06-05,Sedation,Day,9.0,,9.5,individual
7,20260606-PICU-24H-02,2026-06-06,PICU,24h,25.0,,1.6669999333466634,individual
7,20260607-PICU-24H-02,2026-06-07,PICU,24h,25.0,,1.6669999333466634,individual
7,20260608-PICU-NIGHT-03,2026-06-08,PICU,Night,16.0,,4.179655636462092,individual
7,20260608-Sedation-DAY-04,2026-06-08,Sedation,Day,9.0,,10.0,individual
7,20260609-PICU-NIGHT-04,2026-06-09,PICU,Night,16.0,,4.179655636462092,individual
7,20260609-Sedation-DAY-05,2026-06-09,Sedation,Day,9.0,,10.0,individual
7,20260609-Smilow-DAY-06,2026-06-09,Smilow,Day,4.0,,10.0,individual
7,20260610-Sedation-DAY-04,2026-06-10,Sedation,Day,9.0,,10.0,individual
7,20260611-PICU-NIGHT-04,2026-06-11,PICU,Night,16.0,,4.179655636462092,individual
7,20260611-Sedation-DAY-05,2026-06-11,Sedation,Day,9.0,,10.0,individual
7,20260612-PICU-NIGHT-03,2026-06-12,PICU,Night,16.0,,3.6796556364620927,individual
7,20260612-Sedation-DAY-04,2026-06-12,Sedation,Day,9.0,,9.5,individual
7,20260613-PICU-24H-02,2026-06-13,PICU,24h,25.0,,1.6669999333466634,individual
7,20260614-PICU-24H-02,2026-06-14,PICU,24h,25.0,,1.6669999333466634,individual
7,20260615-PICU-NIGHT-03,2026-06-15,PICU,Night,16.0,,4.179655636462092,individual
7,20260615-Sedation-DAY-04,2026-06-15,Sedation,Day,9.0,,10.0,individual
7,20260616-PCICU-NIGHT-02,2026-06-16,PCICU,Night,16.0,,2.512655703115429,individual
7,20260616-PICU-NIGHT-04,2026-06-16,PICU,Night,16.0,,4.179655636462092,individual
7,20260616-Sedation-DAY-05,2026-06-16,Sedation,Day,9.0,,10.0,individual
7,20260616-Smilow-DAY-06,2026-06-16,Smilow,Day,4.0,,10.0,individual
7,20260617-PICU-NIGHT-03,2026-06-17,PICU,Night,16.0,,4.179655636462092,individual
7,20260617-Sedation-DAY-04,2026-06-17,Sedation,Day,9.0,,10.0,individual
7,20260618-PICU-NIGHT-04,2026-06-18,PICU,Night,16.0,,4.179655636462092,individual
7,20260618-Sedation-DAY-05,2026-06-18,Sedation,Day,9.0,,10.0,individual
7,20260619-PICU-NIGHT-03,2026-06-19,PICU,Night,16.0,,3.6796556364620927,individual
7,20260619-Sedation-DAY-04,2026-06-19,Sedation,Day,9.0,,9.5,individual
7,20260621-PICU-24H-02,2026-06-21,PICU,24h,25.0,,1.6669999333466634,individual
7,20260622-PICU-NIGHT-03,2026-06-22,PICU,Night,16.0,,4.179655636462092,individual
7,20260622-Sedation-DAY-04,2026-06-22,Sedation,Day,9.0,,10.0,individual
7,20260623-PICU-NIGHT-04,2026-06-23,PICU,Night,16.0,,4.179655636462092,individual
7,20260623-Sedation-DAY-05,2026-06-23,Sedation,Day,9.0,,10.0,individual
7,20260623-Smilow-DAY-06,2026-06-23,Smilow,Day,4.0,,10.0,individual
7,20260624-PICU-NIGHT-03,2026-06-24,PICU,Night,16.0,,4.179655636462092,individual
7,20260624-Sedation-DAY-04,2026-06-24,Sedation,Day,9.0,,10.0,individual
7,20260625-PICU-NIGHT-04,2026-06-25,PICU,Night,16.0,,4.179655636462092,individual
7,20260625-Sedation-DAY-05,2026-06-25,Sedation,Day,9.0,,10.0,individual
7,20260626-PICU-NIGHT-03,2026-06-26,PICU,Night,16.0,,3.6796556364620927,individual
7,20260626-Sedation-DAY-04,2026-06-26,Sedation,Day,9.0,,9.5,individual
7,20260628-PICU-24H-02,2026-06-28,PICU,24h,25.0,,1.6669999333466634,individual
7,20260629-PICU-NIGHT-03,2026-06-29,PICU,Night,16.0,,4.179655636462092,individual
7,20260629-Sedation-DAY-04,2026-06-29,Sedation,Day,9.0,,10.0,individual
7,20260630-PCICU-NIGHT-02,2026-06-30,PCICU,Night,16.0,,2.512655703115429,individual
7,20260630-PICU-NIGHT-04,2026-06-30,PICU,Night,16.0,,4.179655636462092,individual
7,20260630-Sedation-DAY-05,2026-06-30,Sedation,Day,9.0,,10.0,individual
7,20260630-Smilow-DAY-06,2026-06-30,Smilow,Day,4.0,,10.0,individual
